File.Name,Region.of.Interest,Number.of.Root.Tips,Number.of.Branch.Points,Total.Root.Length.mm,Branching.frequency.per.mm,Network.Area.mm2,Average.Diameter.mm,Median.Diameter.mm,Maximum.Diameter.mm,Perimeter.mm,Volume.mm3,Surface.Area.mm2,Computation.Time.s,Root.Length.Diameter.Range.1.mm,Root.Length.Diameter.Range.2.mm,Root.Length.Diameter.Range.3.mm,Projected.Area.Diameter.Range.1.mm2,Projected.Area.Diameter.Range.2.mm2,Projected.Area.Diameter.Range.3.mm2,Surface.Area.Diameter.Range.1.mm2,Surface.Area.Diameter.Range.2.mm2,Surface.Area.Diameter.Range.3.mm2,Volume.Diameter.Range.1.mm3,Volume.Diameter.Range.2.mm3,Volume.Diameter.Range.3.mm3
106_AmphBract_1.tiff, Full, 136, 142, 7879.935733, 0.01802, 106476.579428, 21.079973, 10.966562, 126.892464, 11713.145426, 5986329.293691, 529077.991223, 0.308, 0, 1067.391416, 6812.544317, 0, 3846.511619, 164564.243549, 0, 12084.172646, 516993.818578, 0, 11817.113798, 5974512.179893
106_AmphBract_2.tiff, Full, 183, 235, 9743.941788, 0.024118, 100060.878674, 15.216353, 10.753599, 106.78058, 14710.024089, 3638095.663927, 470458.358241, 0.224, 0, 2194.278087, 7549.663701, 0, 8118.638313, 141632.908153, 0, 25505.454483, 444952.903759, 0, 25573.936168, 3612521.727759
106_AmphBract_3.tiff, Full, 193, 273, 10959.783065, 0.024909, 99294.186244, 12.288629, 8.867644, 95.240709, 17608.201164, 2532607.698232, 425489.469571, 0.385, 0, 2436.120546, 8523.662519, 0, 9364.97182, 126072.532811, 0, 29420.926672, 396068.542899, 0, 30205.694204, 2502402.004028
106_AmphBract_4.tiff, Full, 222, 254, 13243.129268, 0.01918, 126360.857452, 12.757995, 8.602879, 86.082544, 22180.048781, 3267300.750849, 527204.013048, 0.34, 0, 3903.026229, 9340.103038, 0, 15040.48614, 152708.166299, 0, 47251.080765, 479952.932283, 0, 48439.901906, 3218860.848943
107_PoaPrat_2.tiff, Full, 54, 58, 2412.106736, 0.024045, 21608.468691, 11.968311, 10.966562, 39.540503, 3718.306715, 360064.427793, 91806.955518, 0.148, 0, 334.152017, 2077.954719, 0, 1327.548016, 27895.513546, 0, 4170.615094, 87636.340424, 0, 4373.110057, 355691.317736
107_PoaPrat_3.tiff, Full, 249, 325, 8009.569511, 0.040576, 60403.336916, 11.807891, 9.618311, 56.083907, 10741.735076, 1418954.133589, 300625.095869, 0.211, 0, 2154.890433, 5854.679079, 0, 7527.428744, 88132.297762, 0, 23648.114843, 276976.981026, 0, 22610.478619, 1396343.65497
