File.Name,Region.of.Interest,Number.of.Root.Tips,Number.of.Branch.Points,Total.Root.Length.mm,Branching.frequency.per.mm,Network.Area.mm2,Average.Diameter.mm,Median.Diameter.mm,Maximum.Diameter.mm,Perimeter.mm,Volume.mm3,Surface.Area.mm2,Computation.Time.s,Root.Length.Diameter.Range.1.mm,Root.Length.Diameter.Range.2.mm,Root.Length.Diameter.Range.3.mm,Projected.Area.Diameter.Range.1.mm2,Projected.Area.Diameter.Range.2.mm2,Projected.Area.Diameter.Range.3.mm2,Surface.Area.Diameter.Range.1.mm2,Surface.Area.Diameter.Range.2.mm2,Surface.Area.Diameter.Range.3.mm2,Volume.Diameter.Range.1.mm3,Volume.Diameter.Range.2.mm3,Volume.Diameter.Range.3.mm3
104_AmphBract_1.tiff, Full, 562, 556, 22468.617797, 0.024746, 178674.028095, 10.977512, 7.75453, 66.672312, 35891.931755, 3556399.207775, 775428.476983, 0.503, 0, 7139.830402, 15328.787395, 0, 26557.696132, 220194.963971, 0, 83433.463066, 691995.013917, 0, 83473.05095, 3472926.156825
104_AmphBract_2.tiff, Full, 327, 359, 17333.831552, 0.020711, 160877.049975, 12.531625, 8.867644, 67.225047, 27833.893309, 3373455.804985, 680803.441729, 0.483, 1.07536, 4138.118516, 13194.637676, 0, 15295.007068, 201399.894994, 0, 48050.681842, 632752.759887, 0, 48097.813268, 3325357.991717
104_AmphBract_5.tiff, Full, 426, 570, 24402.682771, 0.023358, 272415.187118, 17.189492, 11.58198, 98.699054, 35340.899826, 10431778.896975, 1315869.672302, 0.532, 0, 4691.511892, 19711.170879, 0, 17651.209198, 400946.976491, 0, 55452.909145, 1260416.763158, 0, 56071.357113, 10375707.539862
