File.Name,Region.of.Interest,Number.of.Root.Tips,Number.of.Branch.Points,Total.Root.Length.mm,Branching.frequency.per.mm,Network.Area.mm2,Average.Diameter.mm,Median.Diameter.mm,Maximum.Diameter.mm,Perimeter.mm,Volume.mm3,Surface.Area.mm2,Computation.Time.s,Root.Length.Diameter.Range.1.mm,Root.Length.Diameter.Range.2.mm,Root.Length.Diameter.Range.3.mm,Projected.Area.Diameter.Range.1.mm2,Projected.Area.Diameter.Range.2.mm2,Projected.Area.Diameter.Range.3.mm2,Surface.Area.Diameter.Range.1.mm2,Surface.Area.Diameter.Range.2.mm2,Surface.Area.Diameter.Range.3.mm2,Volume.Diameter.Range.1.mm3,Volume.Diameter.Range.2.mm3,Volume.Diameter.Range.3.mm3
BU104_QuerElli_1.tiff, Full, 394, 406, 17445.435594, 0.023273, 298581.023631, 34.52783, 29.252952, 114.534662, 16246.320355, 26248176.027405, 1922020.455057, 0.482, 24.07169, 1734.709626, 15686.654278, 0, 6235.972525, 605297.460987, 0, 19590.885473, 1902429.569584, 0, 19136.91599, 26229039.111414
BU104_QuerElli_2.tiff, Full, 264, 312, 12632.289096, 0.024699, 228112.391227, 29.747309, 25.898095, 94.484917, 13997.811621, 13878416.917734, 1206871.638082, 0.459, 5.192297, 1595.579862, 11031.516937, 0, 5947.406686, 378211.76707, 0, 18684.329154, 1188187.308928, 0, 18703.635749, 13859713.281985
BU105_AndrGera_1.tiff, Full, 238, 234, 8242.711875, 0.028389, 125056.439562, 25.518152, 16.379394, 92.880221, 9941.6737, 7468263.867175, 672596.325745, 0.366, 0, 921.867373, 7320.844502, 0, 3618.597086, 210435.537732, 0, 11368.158023, 661228.167722, 0, 11852.024523, 7456411.842652
BU105_AndrGera_13.tiff, roi_1, 46, 38, 1226.220439, 0.03099, 9807.418547, 10.043438, 10.753599, 21.507197, 1960.656389, 121577.276087, 39753.459819, 0.085, 0, 227.080003, 999.140436, 0, 829.99311, 11814.113791, 0, 2607.500257, 37145.959562, 0, 2572.567856, 119004.70823
BU105_AndrGera_5.tiff, roi_1, 2399, 2172, 69878.370825, 0.031083, 951113.760064, 34.00484, 21.933124, 137.91464, 56214.493519, 120111823.272678, 7795487.999235, 0.811, 0, 7529.102992, 62349.267833, 0, 25467.934858, 2455657.912812, 0, 80009.877051, 7715478.122184, 0, 74793.974355, 120037029.298323
BU105_AndrGera_5.tiff, roi_2,NA,NA,NA,NA,NA,NA,NA,NA,NA,NA,NA,NA,NA,NA,NA,NA,NA,NA,NA,NA,NA,NA,NA,NA
