File.Name,Region.of.Interest,Number.of.Root.Tips,Number.of.Branch.Points,Total.Root.Length.mm,Branching.frequency.per.mm,Network.Area.mm2,Average.Diameter.mm,Median.Diameter.mm,Maximum.Diameter.mm,Perimeter.mm,Volume.mm3,Surface.Area.mm2,Computation.Time.s,Root.Length.Diameter.Range.1.mm,Root.Length.Diameter.Range.2.mm,Root.Length.Diameter.Range.3.mm,Projected.Area.Diameter.Range.1.mm2,Projected.Area.Diameter.Range.2.mm2,Projected.Area.Diameter.Range.3.mm2,Surface.Area.Diameter.Range.1.mm2,Surface.Area.Diameter.Range.2.mm2,Surface.Area.Diameter.Range.3.mm2,Volume.Diameter.Range.1.mm3,Volume.Diameter.Range.2.mm3,Volume.Diameter.Range.3.mm3
BU105_PaniPerl_2.tiff, Full, 416, 298, 10345.376828, 0.028805, 149701.611602, 22.266003, 12.904318, 67.190633, 13865.364218, 7381442.689854, 736078.891352, 0.365, 3.041577, 2348.997853, 7993.337397, 0, 7543.006247, 226740.568139, 0, 23697.053012, 712381.83834, 0, 21157.765078, 7360284.924776
BU105_PaniPerl_1.tiff, Full, 815, 678, 20087.489338, 0.033752, 243893.766172, 20.029401, 10.753599, 95.240709, 25605.140781, 15197244.109897, 1325974.722837, 0.416, 13.165244, 4996.170652, 15078.153441, 0, 16778.314325, 405190.928994, 0, 52710.629024, 1273264.093813, 0, 48833.040363, 15148411.069534
BU105_PaniPerl_5.tiff, Full, 457, 455, 14404.743078, 0.031587, 172461.853536, 19.318058, 10.753599, 69.425288, 18786.729083, 8166645.892295, 902258.935412, 0.364, 0, 3532.375288, 10872.36779, 0, 12206.357666, 274991.581373, 0, 38347.403571, 863911.53184, 0, 36419.151098, 8130226.741197
BU106_AndrGera_2.tiff, Full, 273, 235, 7285.170874, 0.032257, 70322.92615, 15.78445, 12.540743, 59.641283, 9234.306248, 2238816.871853, 365590.380087, 0.299, 0, 1986.77072, 5298.400154, 0, 6477.530553, 109867.54907, 0, 20349.762398, 345240.617689, 0, 18303.159952, 2220513.711901
BU106_AndrGera_5.tiff, Full, 182, 174, 5966.271872, 0.029164, 65248.648048, 17.956352, 16.797658, 49.513286, 7143.402443, 2229583.51163, 343112.202368, 0.215, 0, 1062.663092, 4903.608781, 0, 3794.438848, 105379.36264, 0, 11920.58121, 331191.621158, 0, 11559.520564, 2218023.991066
BU106_AndrGera_7.tiff, Full, 429, 369, 12670.127487, 0.029124, 151783.129511, 18.408962, 15.50906, 73.250875, 16635.490683, 5595780.614101, 755395.172387, 0.499, 0, 3319.351387, 9350.7761, 0, 11004.764505, 229419.970108, 0, 34572.487325, 720822.685062, 0, 31632.972748, 5564147.641353
